,metabolite,importance_mean,importance_std,feature_set,model
0,x22863_768_59077_10_971,0.0,0.0,coral_only_pruned_rf,RandomForest
1,x3156_482_36064_2_937,0.0,0.0,coral_only_pruned_rf,RandomForest
2,x20449_766_57519_9_667,0.0,0.0,coral_only_pruned_rf,RandomForest
3,x23789_794_60652_11_52,0.0,0.0,coral_only_pruned_rf,RandomForest
4,x24987_796_62223_11_912,0.0,0.0,coral_only_pruned_rf,RandomForest
5,x26021_752_55957_12_218,0.0,0.0,coral_only_pruned_rf,RandomForest
6,x26056_772_62178_12_23,0.0,0.0,coral_only_pruned_rf,RandomForest
7,x6230_466_32962_3_999,0.0,0.0,coral_only_pruned_rf,RandomForest
8,x25734_822_63619_12_121,0.0,0.0,coral_only_pruned_rf,RandomForest
9,x3140_504_34195_2_931,0.0,0.0,coral_only_pruned_rf,RandomForest
10,x24359_782_60661_11_724,0.0,0.0,coral_only_pruned_rf,RandomForest
11,x26387_806_61119_12_325,0.0,0.0,coral_only_pruned_rf,RandomForest
12,x20473_788_55523_9_685,0.0,0.0,coral_only_pruned_rf,RandomForest
13,x21104_667_51515_9_991,0.00672514619883043,0.0037101103919443164,coral_only_pruned_rf,RandomForest
14,x22804_780_58887_10_928,0.0,0.0,coral_only_pruned_rf,RandomForest
15,x4860_546_35343_3_581,0.0,0.0,coral_only_pruned_rf,RandomForest
16,x11988_492_34809_6_02,0.0,0.0,coral_only_pruned_rf,RandomForest
17,x27910_716_55909_12_685,0.0,0.0,coral_only_pruned_rf,RandomForest
18,x14474_640_55096_7_072,0.0,0.0,coral_only_pruned_rf,RandomForest
19,x29010_632_59734_12_997,0.008187134502924001,0.002188103734955528,coral_only_pruned_rf,RandomForest
20,x4603_428_37317_3_509,0.0,0.0,coral_only_pruned_rf,RandomForest
21,x25740_808_62031_12_113,0.0,0.0,coral_only_pruned_rf,RandomForest
22,x26054_774_54083_12_234,0.0,0.0,coral_only_pruned_rf,RandomForest
23,x3523_508_37638_3_101,0.0052631578947368585,0.004297350425935413,coral_only_pruned_rf,RandomForest
24,x34772_648_7388_14_298,0.052923976608187144,0.015932318977573426,coral_only_pruned_rf,RandomForest
25,x19872_828_55032_9_343,0.0,0.0,coral_only_pruned_rf,RandomForest
26,x26370_829_68761_12_322,0.0,0.0,coral_only_pruned_rf,RandomForest
27,x6270_488_31164_4_015,0.0,0.0,coral_only_pruned_rf,RandomForest
28,x17460_1195_91181_8_298,0.0,0.0,coral_only_pruned_rf,RandomForest
29,x4177_524_37207_3_374,0.0026315789473684292,0.004019803241189347,coral_only_pruned_rf,RandomForest
30,x20959_830_56547_9_927,0.0,0.0,coral_only_pruned_rf,RandomForest
31,x31765_656_59464_13_624,0.0,0.0,coral_only_pruned_rf,RandomForest
32,x23839_960_65237_11_539,0.011695906432748574,0.005699879733806429,coral_only_pruned_rf,RandomForest
33,x21630_764_55668_10_29,0.006432748538011716,0.0038790933220531113,coral_only_pruned_rf,RandomForest
34,x18438_668_58271_8_65,0.0,0.0,coral_only_pruned_rf,RandomForest
35,x3862_580_3978_3_26,0.0,0.0,coral_only_pruned_rf,RandomForest
36,x26004_775_54372_12_229,0.0,0.0,coral_only_pruned_rf,RandomForest
37,x67_347_01414_0_66,0.0,0.0,coral_only_pruned_rf,RandomForest
38,x17930_681_49354_8_474,0.0,0.0,coral_only_pruned_rf,RandomForest
39,x28727_950_53237_12_919,0.002339181286549715,0.0038790933220531113,coral_only_pruned_rf,RandomForest
40,x21182_754_57447_10_022,0.0,0.0,coral_only_pruned_rf,RandomForest
41,x31602_822_68155_13_595,0.005555555555555573,0.004227143945848248,coral_only_pruned_rf,RandomForest
42,x30313_614_58869_13_294,0.00877192982456143,0.005064476045523049,coral_only_pruned_rf,RandomForest
43,x18747_680_58244_8_796,0.0,0.0,coral_only_pruned_rf,RandomForest
44,x19191_1318_01649_9_02,0.0,0.0,coral_only_pruned_rf,RandomForest
45,x16665_764_55968_8_013,0.0,0.0,coral_only_pruned_rf,RandomForest
46,x17509_764_55938_8_305,0.0,0.0,coral_only_pruned_rf,RandomForest
47,x21196_689_49648_10_007,0.0,0.0,coral_only_pruned_rf,RandomForest
48,x25098_804_5946_11_941,0.0,0.0,coral_only_pruned_rf,RandomForest
49,x39657_836_80852_16_068,0.0,0.0,coral_only_pruned_rf,RandomForest
50,x27746_586_55698_12_658,0.002339181286549715,0.0038790933220531113,coral_only_pruned_rf,RandomForest
51,x23499_836_6164_11_348,0.0,0.0,coral_only_pruned_rf,RandomForest
52,x2601_401_34489_2_466,0.0,0.0,coral_only_pruned_rf,RandomForest
53,x25245_744_59078_11_999,0.0,0.0,coral_only_pruned_rf,RandomForest
54,x22863_768_59077_10_971,0.0,0.0,coral_only_pruned_rf,XGBoost
55,x3156_482_36064_2_937,0.0,0.0,coral_only_pruned_rf,XGBoost
56,x20449_766_57519_9_667,0.0,0.0,coral_only_pruned_rf,XGBoost
57,x23789_794_60652_11_52,0.0,0.0,coral_only_pruned_rf,XGBoost
58,x24987_796_62223_11_912,0.0,0.0,coral_only_pruned_rf,XGBoost
59,x26021_752_55957_12_218,0.0,0.0,coral_only_pruned_rf,XGBoost
60,x26056_772_62178_12_23,0.0,0.0,coral_only_pruned_rf,XGBoost
61,x6230_466_32962_3_999,0.0,0.0,coral_only_pruned_rf,XGBoost
62,x25734_822_63619_12_121,0.0,0.0,coral_only_pruned_rf,XGBoost
63,x3140_504_34195_2_931,0.0,0.0,coral_only_pruned_rf,XGBoost
64,x24359_782_60661_11_724,0.0,0.0,coral_only_pruned_rf,XGBoost
65,x26387_806_61119_12_325,0.0,0.0,coral_only_pruned_rf,XGBoost
66,x20473_788_55523_9_685,0.0,0.0,coral_only_pruned_rf,XGBoost
67,x21104_667_51515_9_991,0.0,0.0,coral_only_pruned_rf,XGBoost
68,x22804_780_58887_10_928,0.0,0.0,coral_only_pruned_rf,XGBoost
69,x4860_546_35343_3_581,0.0,0.0,coral_only_pruned_rf,XGBoost
70,x11988_492_34809_6_02,0.0,0.0,coral_only_pruned_rf,XGBoost
71,x27910_716_55909_12_685,0.0,0.0,coral_only_pruned_rf,XGBoost
72,x14474_640_55096_7_072,0.0,0.0,coral_only_pruned_rf,XGBoost
73,x29010_632_59734_12_997,0.0052631578947368585,0.004297350425935413,coral_only_pruned_rf,XGBoost
74,x4603_428_37317_3_509,0.0,0.0,coral_only_pruned_rf,XGBoost
75,x25740_808_62031_12_113,0.0,0.0,coral_only_pruned_rf,XGBoost
76,x26054_774_54083_12_234,0.0,0.0,coral_only_pruned_rf,XGBoost
77,x3523_508_37638_3_101,0.010526315789473684,0.005263157894736814,coral_only_pruned_rf,XGBoost
78,x34772_648_7388_14_298,0.3552631578947368,0.048085859907599116,coral_only_pruned_rf,XGBoost
79,x19872_828_55032_9_343,0.0,0.0,coral_only_pruned_rf,XGBoost
80,x26370_829_68761_12_322,0.0,0.0,coral_only_pruned_rf,XGBoost
81,x6270_488_31164_4_015,0.0,0.0,coral_only_pruned_rf,XGBoost
82,x17460_1195_91181_8_298,0.0,0.0,coral_only_pruned_rf,XGBoost
83,x4177_524_37207_3_374,0.0,0.0,coral_only_pruned_rf,XGBoost
84,x20959_830_56547_9_927,0.0,0.0,coral_only_pruned_rf,XGBoost
85,x31765_656_59464_13_624,0.0,0.0,coral_only_pruned_rf,XGBoost
86,x23839_960_65237_11_539,0.011988304093567237,0.008002299522458461,coral_only_pruned_rf,XGBoost
87,x21630_764_55668_10_29,0.0,0.0,coral_only_pruned_rf,XGBoost
88,x18438_668_58271_8_65,0.0,0.0,coral_only_pruned_rf,XGBoost
89,x3862_580_3978_3_26,0.0,0.0,coral_only_pruned_rf,XGBoost
90,x26004_775_54372_12_229,0.0,0.0,coral_only_pruned_rf,XGBoost
91,x67_347_01414_0_66,0.0,0.0,coral_only_pruned_rf,XGBoost
92,x17930_681_49354_8_474,-0.0017543859649122862,0.0035087719298245723,coral_only_pruned_rf,XGBoost
93,x28727_950_53237_12_919,0.006725146198830412,0.006278044021515744,coral_only_pruned_rf,XGBoost
94,x21182_754_57447_10_022,0.0,0.0,coral_only_pruned_rf,XGBoost
95,x31602_822_68155_13_595,0.0,0.0,coral_only_pruned_rf,XGBoost
96,x30313_614_58869_13_294,0.0,0.0,coral_only_pruned_rf,XGBoost
97,x18747_680_58244_8_796,0.0,0.0,coral_only_pruned_rf,XGBoost
98,x19191_1318_01649_9_02,0.0,0.0,coral_only_pruned_rf,XGBoost
99,x16665_764_55968_8_013,0.0,0.0,coral_only_pruned_rf,XGBoost
100,x17509_764_55938_8_305,0.0,0.0,coral_only_pruned_rf,XGBoost
101,x21196_689_49648_10_007,0.0,0.0,coral_only_pruned_rf,XGBoost
102,x25098_804_5946_11_941,0.0,0.0,coral_only_pruned_rf,XGBoost
103,x39657_836_80852_16_068,0.0,0.0,coral_only_pruned_rf,XGBoost
104,x27746_586_55698_12_658,-0.0020467836257310004,0.0037101103919443164,coral_only_pruned_rf,XGBoost
105,x23499_836_6164_11_348,-0.007017543859649145,0.0035087719298245723,coral_only_pruned_rf,XGBoost
106,x2601_401_34489_2_466,0.0,0.0,coral_only_pruned_rf,XGBoost
107,x25245_744_59078_11_999,-0.0061403508771930015,0.004613957262590512,coral_only_pruned_rf,XGBoost
108,x22863_768_59077_10_971,0.0,0.0,coral_only_pruned_gb,RandomForest
109,x3156_482_36064_2_937,0.0,0.0,coral_only_pruned_gb,RandomForest
110,x19279_643_51751_9_054,0.0,0.0,coral_only_pruned_gb,RandomForest
111,x22902_794_60499_10_997,0.0,0.0,coral_only_pruned_gb,RandomForest
112,x26021_752_55957_12_218,0.0,0.0,coral_only_pruned_gb,RandomForest
113,x22281_518_49367_10_602,0.0,0.0,coral_only_pruned_gb,RandomForest
114,x26056_772_62178_12_23,0.0,0.0,coral_only_pruned_gb,RandomForest
115,x6230_466_32962_3_999,0.0,0.0,coral_only_pruned_gb,RandomForest
116,x25734_822_63619_12_121,0.0,0.0,coral_only_pruned_gb,RandomForest
117,x22257_558_48585_10_595,0.0,0.0,coral_only_pruned_gb,RandomForest
118,x27615_824_65407_12_621,0.0,0.0,coral_only_pruned_gb,RandomForest
119,x24838_770_60774_11_835,0.0,0.0,coral_only_pruned_gb,RandomForest
120,x22869_771_59779_10_97,0.0,0.0,coral_only_pruned_gb,RandomForest
121,x26360_766_62066_12_319,0.0,0.0,coral_only_pruned_gb,RandomForest
122,x19261_1286_02582_9_046,0.0,0.0,coral_only_pruned_gb,RandomForest
123,x22799_790_57142_10_937,0.0,0.0,coral_only_pruned_gb,RandomForest
124,x23841_932_62245_11_539,0.0,0.0,coral_only_pruned_gb,RandomForest
125,x26387_806_61119_12_325,0.0,0.0,coral_only_pruned_gb,RandomForest
126,x6084_532_3736_3_947,0.0,0.0,coral_only_pruned_gb,RandomForest
127,x19310_665_49861_9_069,0.0,0.0,coral_only_pruned_gb,RandomForest
128,x6689_344_35256_4_145,0.0,0.0,coral_only_pruned_gb,RandomForest
129,x20473_788_55523_9_685,0.0,0.0,coral_only_pruned_gb,RandomForest
130,x31046_620_59826_13_466,0.0061403508771930015,0.004019803241189347,coral_only_pruned_gb,RandomForest
131,x29153_834_64268_13_004,0.0,0.0,coral_only_pruned_gb,RandomForest
132,x27982_604_56684_12_699,0.0,0.0,coral_only_pruned_gb,RandomForest
133,x4496_496_37644_3_479,0.0,0.0,coral_only_pruned_gb,RandomForest
134,x25776_818_60241_12_14,0.0,0.0,coral_only_pruned_gb,RandomForest
135,x22037_768_59132_10_443,0.0,0.0,coral_only_pruned_gb,RandomForest
136,x30258_690_60437_13_288,0.0,0.0,coral_only_pruned_gb,RandomForest
137,x23028_752_59618_11_083,0.0,0.0,coral_only_pruned_gb,RandomForest
138,x21104_667_51515_9_991,0.0,0.0,coral_only_pruned_gb,RandomForest
139,x19452_766_57545_9_157,0.0,0.0,coral_only_pruned_gb,RandomForest
140,x22804_780_58887_10_928,0.0,0.0,coral_only_pruned_gb,RandomForest
141,x31750_634_61382_13_623,0.0,0.0,coral_only_pruned_gb,RandomForest
142,x22268_1093_9823_10_598,0.0,0.0,coral_only_pruned_gb,RandomForest
143,x4860_546_35343_3_581,0.0,0.0,coral_only_pruned_gb,RandomForest
144,x40713_858_79187_16_592,0.0061403508771930015,0.004019803241189347,coral_only_pruned_gb,RandomForest
145,x23260_532_50935_11_213,0.0,0.0,coral_only_pruned_gb,RandomForest
146,x23773_816_58652_11_512,0.0,0.0,coral_only_pruned_gb,RandomForest
147,x27953_622_57686_12_709,0.0,0.0,coral_only_pruned_gb,RandomForest
148,x27910_716_55909_12_685,0.0,0.0,coral_only_pruned_gb,RandomForest
149,x29010_632_59734_12_997,0.0,0.0,coral_only_pruned_gb,RandomForest
150,x4603_428_37317_3_509,0.0,0.0,coral_only_pruned_gb,RandomForest
151,x31752_616_60362_13_621,0.0,0.0,coral_only_pruned_gb,RandomForest
152,x19970_750_54977_9_407,0.0,0.0,coral_only_pruned_gb,RandomForest
153,x25148_688_52796_11_954,0.0,0.0,coral_only_pruned_gb,RandomForest
154,x7773_524_40783_4_468,0.0,0.0,coral_only_pruned_gb,RandomForest
155,x30556_650_6087_13_352,0.0,0.0,coral_only_pruned_gb,RandomForest
156,x29160_618_58231_13_036,0.0,0.0,coral_only_pruned_gb,RandomForest
157,x23919_766_53723_11_563,0.0,0.0,coral_only_pruned_gb,RandomForest
158,x34772_648_7388_14_298,0.011111111111111146,0.006769495264789628,coral_only_pruned_gb,RandomForest
159,x17026_731_53528_8_146,0.0,0.0,coral_only_pruned_gb,RandomForest
160,x30257_695_55899_13_286,0.0,0.0,coral_only_pruned_gb,RandomForest
161,x38690_910_8219_15_662,0.0,0.0,coral_only_pruned_gb,RandomForest
162,x30287_848_65893_13_29,0.0,0.0,coral_only_pruned_gb,RandomForest
163,x19662_682_59798_9_245,0.0,0.0,coral_only_pruned_gb,RandomForest
164,x40828_884_80748_16_617,0.0061403508771930015,0.004019803241189347,coral_only_pruned_gb,RandomForest
165,x28474_866_66505_12_86,0.0,0.0,coral_only_pruned_gb,RandomForest
166,x20695_534_48856_9_8,0.0,0.0,coral_only_pruned_gb,RandomForest
167,x23839_960_65237_11_539,0.0035087719298245723,0.004297350425935413,coral_only_pruned_gb,RandomForest
168,x33723_630_61906_14_068,0.0,0.0,coral_only_pruned_gb,RandomForest
169,x27311_852_64963_12_553,0.0,0.0,coral_only_pruned_gb,RandomForest
170,x27604_822_63483_12_635,0.0,0.0,coral_only_pruned_gb,RandomForest
171,x11971_465_3365_6_009,0.0,0.0,coral_only_pruned_gb,RandomForest
172,x18859_696_5408_8_846,0.0,0.0,coral_only_pruned_gb,RandomForest
173,x11174_708_4958_5_756,0.0,0.0,coral_only_pruned_gb,RandomForest
174,x28298_846_63435_12_802,0.0,0.0,coral_only_pruned_gb,RandomForest
175,x22863_768_59077_10_971,0.0,0.0,coral_only_pruned_gb,XGBoost
176,x3156_482_36064_2_937,0.0,0.0,coral_only_pruned_gb,XGBoost
177,x19279_643_51751_9_054,0.0,0.0,coral_only_pruned_gb,XGBoost
178,x22902_794_60499_10_997,0.0,0.0,coral_only_pruned_gb,XGBoost
179,x26021_752_55957_12_218,0.0,0.0,coral_only_pruned_gb,XGBoost
180,x22281_518_49367_10_602,0.0,0.0,coral_only_pruned_gb,XGBoost
181,x26056_772_62178_12_23,0.0,0.0,coral_only_pruned_gb,XGBoost
182,x6230_466_32962_3_999,0.0,0.0,coral_only_pruned_gb,XGBoost
183,x25734_822_63619_12_121,0.0,0.0,coral_only_pruned_gb,XGBoost
184,x22257_558_48585_10_595,0.0,0.0,coral_only_pruned_gb,XGBoost
185,x27615_824_65407_12_621,0.0,0.0,coral_only_pruned_gb,XGBoost
186,x24838_770_60774_11_835,0.0,0.0,coral_only_pruned_gb,XGBoost
187,x22869_771_59779_10_97,0.0,0.0,coral_only_pruned_gb,XGBoost
188,x26360_766_62066_12_319,0.0,0.0,coral_only_pruned_gb,XGBoost
189,x19261_1286_02582_9_046,0.0,0.0,coral_only_pruned_gb,XGBoost
190,x22799_790_57142_10_937,0.0,0.0,coral_only_pruned_gb,XGBoost
191,x23841_932_62245_11_539,0.0,0.0,coral_only_pruned_gb,XGBoost
192,x26387_806_61119_12_325,0.0,0.0,coral_only_pruned_gb,XGBoost
193,x6084_532_3736_3_947,0.0,0.0,coral_only_pruned_gb,XGBoost
194,x19310_665_49861_9_069,0.0,0.0,coral_only_pruned_gb,XGBoost
195,x6689_344_35256_4_145,0.0,0.0,coral_only_pruned_gb,XGBoost
196,x20473_788_55523_9_685,0.0,0.0,coral_only_pruned_gb,XGBoost
197,x31046_620_59826_13_466,0.041812865497075996,0.011699560832597974,coral_only_pruned_gb,XGBoost
198,x29153_834_64268_13_004,0.0,0.0,coral_only_pruned_gb,XGBoost
199,x27982_604_56684_12_699,0.0,0.0,coral_only_pruned_gb,XGBoost
200,x4496_496_37644_3_479,0.0,0.0,coral_only_pruned_gb,XGBoost
201,x25776_818_60241_12_14,0.0,0.0,coral_only_pruned_gb,XGBoost
202,x22037_768_59132_10_443,0.0,0.0,coral_only_pruned_gb,XGBoost
203,x30258_690_60437_13_288,0.0,0.0,coral_only_pruned_gb,XGBoost
204,x23028_752_59618_11_083,0.0,0.0,coral_only_pruned_gb,XGBoost
205,x21104_667_51515_9_991,0.0,0.0,coral_only_pruned_gb,XGBoost
206,x19452_766_57545_9_157,0.0,0.0,coral_only_pruned_gb,XGBoost
207,x22804_780_58887_10_928,0.0,0.0,coral_only_pruned_gb,XGBoost
208,x31750_634_61382_13_623,0.0,0.0,coral_only_pruned_gb,XGBoost
209,x22268_1093_9823_10_598,0.0,0.0,coral_only_pruned_gb,XGBoost
210,x4860_546_35343_3_581,0.0,0.0,coral_only_pruned_gb,XGBoost
211,x40713_858_79187_16_592,0.0,0.0,coral_only_pruned_gb,XGBoost
212,x23260_532_50935_11_213,0.0,0.0,coral_only_pruned_gb,XGBoost
213,x23773_816_58652_11_512,0.0,0.0,coral_only_pruned_gb,XGBoost
214,x27953_622_57686_12_709,0.0,0.0,coral_only_pruned_gb,XGBoost
215,x27910_716_55909_12_685,0.0,0.0,coral_only_pruned_gb,XGBoost
216,x29010_632_59734_12_997,0.0,0.0,coral_only_pruned_gb,XGBoost
217,x4603_428_37317_3_509,0.0,0.0,coral_only_pruned_gb,XGBoost
218,x31752_616_60362_13_621,0.0,0.0,coral_only_pruned_gb,XGBoost
219,x19970_750_54977_9_407,0.0,0.0,coral_only_pruned_gb,XGBoost
220,x25148_688_52796_11_954,0.005555555555555513,0.012504915076224024,coral_only_pruned_gb,XGBoost
221,x7773_524_40783_4_468,0.0,0.0,coral_only_pruned_gb,XGBoost
222,x30556_650_6087_13_352,0.0,0.0,coral_only_pruned_gb,XGBoost
223,x29160_618_58231_13_036,0.0,0.0,coral_only_pruned_gb,XGBoost
224,x23919_766_53723_11_563,0.0,0.0,coral_only_pruned_gb,XGBoost
225,x34772_648_7388_14_298,0.05321637426900581,0.012391590701998311,coral_only_pruned_gb,XGBoost
226,x17026_731_53528_8_146,0.0,0.0,coral_only_pruned_gb,XGBoost
227,x30257_695_55899_13_286,0.0,0.0,coral_only_pruned_gb,XGBoost
228,x38690_910_8219_15_662,0.0,0.0,coral_only_pruned_gb,XGBoost
229,x30287_848_65893_13_29,0.0,0.0,coral_only_pruned_gb,XGBoost
230,x19662_682_59798_9_245,0.0,0.0,coral_only_pruned_gb,XGBoost
231,x40828_884_80748_16_617,0.0,0.0,coral_only_pruned_gb,XGBoost
232,x28474_866_66505_12_86,0.0,0.0,coral_only_pruned_gb,XGBoost
233,x20695_534_48856_9_8,0.0,0.0,coral_only_pruned_gb,XGBoost
234,x23839_960_65237_11_539,0.002631578947368396,0.004019803241189294,coral_only_pruned_gb,XGBoost
235,x33723_630_61906_14_068,0.0,0.0,coral_only_pruned_gb,XGBoost
236,x27311_852_64963_12_553,0.0,0.0,coral_only_pruned_gb,XGBoost
237,x27604_822_63483_12_635,0.0,0.0,coral_only_pruned_gb,XGBoost
238,x11971_465_3365_6_009,0.0,0.0,coral_only_pruned_gb,XGBoost
239,x18859_696_5408_8_846,0.0,0.0,coral_only_pruned_gb,XGBoost
240,x11174_708_4958_5_756,0.0,0.0,coral_only_pruned_gb,XGBoost
241,x28298_846_63435_12_802,0.0,0.0,coral_only_pruned_gb,XGBoost
242,x19344_800_60417_9_097,0.0,0.0,all_pruned_rfgb,RandomForest
243,x25770_796_62218_12_134,0.0,0.0,all_pruned_rfgb,RandomForest
244,x19279_643_51751_9_054,0.0,0.0,all_pruned_rfgb,RandomForest
245,x6124_510_39212_3_959,0.0,0.0,all_pruned_rfgb,RandomForest
246,x1935_553_33175_1_992,0.0,0.0,all_pruned_rfgb,RandomForest
247,x22902_794_60499_10_997,0.0,0.0,all_pruned_rfgb,RandomForest
248,x25808_746_60638_12_152,0.0,0.0,all_pruned_rfgb,RandomForest
249,x4568_587_22932_3_498,0.0,0.0,all_pruned_rfgb,RandomForest
250,x37978_894_75516_15_378,0.0,0.0,all_pruned_rfgb,RandomForest
251,x14249_790_54653_6_965,0.0,0.0,all_pruned_rfgb,RandomForest
252,x26753_788_61732_12_415,0.0,0.0,all_pruned_rfgb,RandomForest
253,x13140_819_50164_6_503,0.0,0.0,all_pruned_rfgb,RandomForest
254,x6689_344_35256_4_145,0.0,0.0,all_pruned_rfgb,RandomForest
255,x16370_748_57337_7_844,0.0,0.0,all_pruned_rfgb,RandomForest
256,x8982_929_75157_4_877,0.0,0.0,all_pruned_rfgb,RandomForest
257,x19375_822_58348_9_119,0.0,0.0,all_pruned_rfgb,RandomForest
258,x20158_1444_01775_9_506,0.0,0.0,all_pruned_rfgb,RandomForest
259,x20416_802_61844_9_653,0.0,0.0,all_pruned_rfgb,RandomForest
260,x38160_846_7524_15_436,0.0,0.0,all_pruned_rfgb,RandomForest
261,x38756_850_78656_15_687,0.0,0.0,all_pruned_rfgb,RandomForest
262,x39091_950_81423_15_819,0.0,0.0,all_pruned_rfgb,RandomForest
263,x29153_834_64268_13_004,0.0,0.0,all_pruned_rfgb,RandomForest
264,x37213_842_72354_15_079,0.0,0.0,all_pruned_rfgb,RandomForest
265,x12271_817_4866_6_131,0.0,0.0,all_pruned_rfgb,RandomForest
266,x27982_604_56684_12_699,0.0,0.0,all_pruned_rfgb,RandomForest
267,x24518_1376_04833_11_783,0.0,0.0,all_pruned_rfgb,RandomForest
268,x20283_753_57094_9_613,0.0,0.0,all_pruned_rfgb,RandomForest
269,x11285_788_52063_5_711,0.0,0.0,all_pruned_rfgb,RandomForest
270,x40747_902_81778_16_618,0.0,0.0,all_pruned_rfgb,RandomForest
271,x36097_840_70824_14_698,0.0,0.0,all_pruned_rfgb,RandomForest
272,x31043_602_58816_13_46,0.0,0.0,all_pruned_rfgb,RandomForest
273,x39491_926_81454_15_997,0.0,0.0,all_pruned_rfgb,RandomForest
274,x15642_822_5198_7_484,0.0,0.0,all_pruned_rfgb,RandomForest
275,x11249_814_54463_5_699,0.0,0.0,all_pruned_rfgb,RandomForest
276,x36911_1133_68741_14_983,0.0,0.0,all_pruned_rfgb,RandomForest
277,x3209_438_29793_2_975,0.0,0.0,all_pruned_rfgb,RandomForest
278,x21104_667_51515_9_991,0.0,0.0,all_pruned_rfgb,RandomForest
279,x19452_766_57545_9_157,0.0017543859649122862,0.0035087719298245723,all_pruned_rfgb,RandomForest
280,x23416_924_44426_11_312,0.0,0.0,all_pruned_rfgb,RandomForest
281,x22268_1093_9823_10_598,0.0,0.0,all_pruned_rfgb,RandomForest
282,x37575_1016_69083_15_218,0.0,0.0,all_pruned_rfgb,RandomForest
283,x20375_572_50364_9_623,0.0,0.0,all_pruned_rfgb,RandomForest
284,x25672_720_59057_12_099,0.0,0.0,all_pruned_rfgb,RandomForest
285,x14979_878_56967_7_284,0.0,0.0,all_pruned_rfgb,RandomForest
286,x2475_554_3473_2_439,0.0,0.0,all_pruned_rfgb,RandomForest
287,x2022_676_4205_2_052,0.0,0.0,all_pruned_rfgb,RandomForest
288,x14474_640_55096_7_072,0.0,0.0,all_pruned_rfgb,RandomForest
289,x21835_814_57089_10_382,0.0,0.0,all_pruned_rfgb,RandomForest
290,x10240_1139_59535_5_363,0.0,0.0,all_pruned_rfgb,RandomForest
291,x35308_892_73619_14_462,0.0,0.0,all_pruned_rfgb,RandomForest
292,x39470_925_80361_15_957,0.0,0.0,all_pruned_rfgb,RandomForest
293,x19344_800_60417_9_097,0.0,0.0,all_pruned_rfgb,XGBoost
294,x25770_796_62218_12_134,0.0,0.0,all_pruned_rfgb,XGBoost
295,x19279_643_51751_9_054,0.0,0.0,all_pruned_rfgb,XGBoost
296,x6124_510_39212_3_959,0.0,0.0,all_pruned_rfgb,XGBoost
297,x1935_553_33175_1_992,0.01403508771929829,0.0053597376549191274,all_pruned_rfgb,XGBoost
298,x22902_794_60499_10_997,0.0035087719298245723,0.005818639983079667,all_pruned_rfgb,XGBoost
299,x25808_746_60638_12_152,0.0,0.0,all_pruned_rfgb,XGBoost
300,x4568_587_22932_3_498,0.0,0.0,all_pruned_rfgb,XGBoost
301,x37978_894_75516_15_378,0.0,0.0,all_pruned_rfgb,XGBoost
302,x14249_790_54653_6_965,0.0,0.0,all_pruned_rfgb,XGBoost
303,x26753_788_61732_12_415,0.0,0.0,all_pruned_rfgb,XGBoost
304,x13140_819_50164_6_503,0.0,0.0,all_pruned_rfgb,XGBoost
305,x6689_344_35256_4_145,0.0,0.0,all_pruned_rfgb,XGBoost
306,x16370_748_57337_7_844,0.0,0.0,all_pruned_rfgb,XGBoost
307,x8982_929_75157_4_877,0.0,0.0,all_pruned_rfgb,XGBoost
308,x19375_822_58348_9_119,0.0,0.0,all_pruned_rfgb,XGBoost
309,x20158_1444_01775_9_506,0.0,0.0,all_pruned_rfgb,XGBoost
310,x20416_802_61844_9_653,0.0,0.0,all_pruned_rfgb,XGBoost
311,x38160_846_7524_15_436,0.0,0.0,all_pruned_rfgb,XGBoost
312,x38756_850_78656_15_687,0.0,0.0,all_pruned_rfgb,XGBoost
313,x39091_950_81423_15_819,0.0,0.0,all_pruned_rfgb,XGBoost
314,x29153_834_64268_13_004,0.0,0.0,all_pruned_rfgb,XGBoost
315,x37213_842_72354_15_079,0.0,0.0,all_pruned_rfgb,XGBoost
316,x12271_817_4866_6_131,0.0,0.0,all_pruned_rfgb,XGBoost
317,x27982_604_56684_12_699,0.0,0.0,all_pruned_rfgb,XGBoost
318,x24518_1376_04833_11_783,0.0,0.0,all_pruned_rfgb,XGBoost
319,x20283_753_57094_9_613,0.0,0.0,all_pruned_rfgb,XGBoost
320,x11285_788_52063_5_711,0.0,0.0,all_pruned_rfgb,XGBoost
321,x40747_902_81778_16_618,0.0,0.0,all_pruned_rfgb,XGBoost
322,x36097_840_70824_14_698,0.0,0.0,all_pruned_rfgb,XGBoost
323,x31043_602_58816_13_46,0.37982456140350873,0.04648019288652362,all_pruned_rfgb,XGBoost
324,x39491_926_81454_15_997,0.0,0.0,all_pruned_rfgb,XGBoost
325,x15642_822_5198_7_484,0.0,0.0,all_pruned_rfgb,XGBoost
326,x11249_814_54463_5_699,0.0,0.0,all_pruned_rfgb,XGBoost
327,x36911_1133_68741_14_983,0.0,0.0,all_pruned_rfgb,XGBoost
328,x3209_438_29793_2_975,0.0,0.0,all_pruned_rfgb,XGBoost
329,x21104_667_51515_9_991,0.0,0.0,all_pruned_rfgb,XGBoost
330,x19452_766_57545_9_157,0.0236842105263158,0.013428026319538041,all_pruned_rfgb,XGBoost
331,x23416_924_44426_11_312,0.0,0.0,all_pruned_rfgb,XGBoost
332,x22268_1093_9823_10_598,0.0,0.0,all_pruned_rfgb,XGBoost
333,x37575_1016_69083_15_218,0.0,0.0,all_pruned_rfgb,XGBoost
334,x20375_572_50364_9_623,0.0,0.0,all_pruned_rfgb,XGBoost
335,x25672_720_59057_12_099,0.0,0.0,all_pruned_rfgb,XGBoost
336,x14979_878_56967_7_284,0.0,0.0,all_pruned_rfgb,XGBoost
337,x2475_554_3473_2_439,0.0,0.0,all_pruned_rfgb,XGBoost
338,x2022_676_4205_2_052,0.0,0.0,all_pruned_rfgb,XGBoost
339,x14474_640_55096_7_072,0.0,0.0,all_pruned_rfgb,XGBoost
340,x21835_814_57089_10_382,0.0,0.0,all_pruned_rfgb,XGBoost
341,x10240_1139_59535_5_363,0.0,0.0,all_pruned_rfgb,XGBoost
342,x35308_892_73619_14_462,0.0,0.0,all_pruned_rfgb,XGBoost
343,x39470_925_80361_15_957,0.0,0.0,all_pruned_rfgb,XGBoost
